Boutique Name,City,Website URL,Phone Number,Email,Instagram
Hive & Colony,"McLean,VA",hiveandcolony.com,(804) 506-4161,concierge@hiveandcolony.com,@hiveandcolony
The Preppy Pink Pony,"McLean,VA",godaddysites.com,(703) 556-3237,nan,nan
Bottega Veneta McLean Tysons Galleria,"McLean,VA",bottegaveneta.com,(703) 442-3138,john.smith@email.com,nan
Mae's Dress Boutique,"McLean,VA",,(703) 356-6333,nan,nan
Free People,"McLean,VA",freepeople.com,(703) 821-6928,nan,nan
Johnny Was,"McLean,VA",johnnywas.com,(571) 570-2610,nan,@johnnywas
Kwon's Boutique,"McLean,VA",,(703) 827-0700,nan,nan
Apricot Lane Boutique,"McLean,VA",apricotlaneboutique.com,(571) 378-0702,nan,@apricotlane
francesca's,"McLean,VA",francescas.com,(703) 342-5269,nan,nan
Neiman Marcus,"McLean,VA",stores.neimanmarcus.com,(703) 761-1600,NeimanMarcusNorthPark@mynmg.onmicrosoft.com,@neimanmarcus
CHALISKAN,"McLean,VA",etsy.com,(571) 286-0950,nan,nan
Fashion Exchange Consignment,"McLean,VA",shopfashionexchange.com,(703) 760-0808,nan,@shopfashionexchange
Daniel's Boutique,"McLean,VA",danielsboutique.com,(703) 412-1121,hello@danielsboutique.com,@thedanielsboutique
AYNA Modest Boutique,"McLean,VA",aynausa.com,(703) 944-1108,13e49d785d8d4f828038b6136f3b48ba@sentry.io,nan
Lucuma Boutique,"McLean,VA",lucumaboutique.com,(915) 600-6060,nan,@lucumaboutique
ThirdLove DC Tysons Corner - Comfortable Bras & Underwear For All Sizes,"McLean,VA",thirdlove.com,(703) 348-6875,hello@thirdlove.com,@thirdlove
LOFT,"McLean,VA",loft.com,(703) 288-1513,nan,nan
ROMAN - Women's Clothing Store,"McLean,VA",shoproman.com,(703) 348-3223,nan,nan
Langley Shopping Center,"McLean,VA",,(703) 356-8477,nan,nan
CHANEL,"McLean,VA",services.chanel.com,(703) 847-0555,nan,nan
Tonieh Boutique,"McLean,VA",toniehboutique.com,(571) 313-0104,info@toniehboutique.com,@toniehsboutique
Gucci - Bloomingdale's Tysons Galleria,"McLean,VA",gucci.com,(703) 556-4674,nan,nan
Tysons Galleria,"McLean,VA",tysonsgalleria.com,(703) 917-5477,carmen.rose@sjk.com,nan
Vince,"McLean,VA",vince.com,(571) 639-2665,clientservices@vince.com,@vince
Zegna Boutique (Tysons Galleria),"McLean,VA",zegna.us,(703) 714-7332,ez.service@legalmail.it,@zegna
franki by francesca's,"McLean,VA",francescas.com,(703) 424-9788,nan,nan
Gegi Couture & Tailor,"McLean,VA",gegicouture.com,(703) 599-9876,baf30a2b91654c5a840931f0137bed30@sentry.wixpress.com,@gegicouture
Covet,"McLean,VA",covetinarlington.com,(703) 247-9797,460ff4620fa44cba8df530afde949785@sentry.wixpress.com,@covet_arlington
VERSACE,"McLean,VA",versace.com,(703) 448-5554,nan,nan
Ann Taylor,"McLean,VA",anntaylor.com,(703) 893-0777,nan,nan
Henry & Y Couture,"McLean,VA",hycouture.com,(703) 883-9110,HI@HYCOUTURE.COM,nan
Mesmeralda's Limited,"McLean,VA",,(703) 356-4494,nan,nan
House of LooLous,"McLean,VA",loolous.com,(703) 249-9037,email@example.com,nan
Lafayette 148 New York,"McLean,VA",lafayette148ny.com,(703) 630-9197,nan,@lafayette148ny
Saint Laurent,"McLean,VA",ysl.com,(703) 760-0701,john.smith@email.com,@ysl
Salvatore Ferragamo,"McLean,VA",store.ferragamo.com,(703) 748-7620,nan,@ferragamo
H&M,"McLean,VA",hm.com,(855) 466-7467,nan,nan
Saks Fifth Avenue,"McLean,VA",saksfifthavenue.com,(703) 761-0700,nan,nan
The Fashion Studio McLean by appointment,"McLean,VA",linktr.ee,(703) 623-3391,nan,@linktr.ee
Wardrobe Rescue,"McLean,VA",mywardroberescue.com,(703) 242-6265,info@email.com,@wardroberescue
Primark,"McLean,VA",primark.com,(276) 265-3562,anonymous@example.com,@Primark
Two the Moon,"McLean,VA",twothemoon.com,(703) 300-9340,8eb368c655b84e029ed79ad7a5c1718e@sentry.wixpress.com,@two_themoon
Salvatore Ferragamo,"McLean,VA",store.ferragamo.com,(703) 748-7620,nan,@ferragamo
Wardrobe Rescue,"McLean,VA",mywardroberescue.com,(703) 242-6265,info@email.com,@wardroberescue
H&M,"McLean,VA",hm.com,(855) 466-7467,nan,nan
Bluemercury,"McLean,VA",stores.bluemercury.com,(703) 782-9899,nan,@bluemercury
McLean Treasure Trove,"McLean,VA",inova.org,(703) 356-8704,nan,@inovahealth
McLean Shopping Center,"McLean,VA",mcleanproperties.com,(703) 749-0011,nan,nan
Chesterbrook Shopping Center,"McLean,VA",shopchesterbrook.com,(877) 265-7417,VMendoza@federalrealty.com,nan
Saks Fifth Avenue,"McLean,VA",saksfifthavenue.com,(703) 761-0700,nan,nan
Jacadi,"McLean,VA",jacadi.us,(571) 899-3315,service-clients@jacadi.fr,@jacadi_officiel
Byredo,"McLean,VA",byredo.eu,(703) 761-1600,nan,@officialbyredo
Tommy Bahama,"McLean,VA",tommybahama.com,(703) 564-2688,accessibility@tommybahama.com,@tbahama
Ruby's Collection,"McLean,VA",rubyscollection.org,(703) 288-3541,8eb368c655b84e029ed79ad7a5c1718e@sentry.wixpress.com,nan
Crystal Boutique,"McLean,VA",crystalboutique.com,(703) 415-1400,annouchn@icloud.com,@crystalboutiqueinc
American Girl,"McLean,VA",americangirl.com,(877) 247-5223,nan,@americangirlbrand
Laysy blooming beauty esthetic center,"McLean,VA",allmylinks.com,(703) 894-8189,screen@2x.webp,nan
ba&sh at Bloomingdale's,"McLean,VA",ba-sh.com,(571) 335-2552,nan,@bashparis
"Zoya's Atelier - Bridal, Evening Wear and Alterations Boutique","McLean,VA",zoyasatelier.com,(703) 533-9600,info@zoyasatelier.com,@zoyasatelier
IWC Schaffhausen Boutique - Tysons Galleria,"McLean,VA",iwc.com,(571) 623-3583,nan,@iwcwatches
Moncler,"McLean,VA",moncler.com,(571) 378-0908,nan,nan
Montblanc,"McLean,VA",montblanc.com,(703) 734-5101,nan,nan
St. John Knits Boutique,"McLean,VA",stjohnknits.com,(571) 635-5786,clientservices@sjk.com,@stjohn
Marc Jacobs - Tysons Galleria,"McLean,VA",marcjacobs.com,(276) 365-1090,example@example.com,@marcjacobs
Bally Store,"McLean,VA",bally.com,(703) 760-8924,nan,nan
Prada McLean Tyson Mall,"McLean,VA",prada.com,(703) 245-3438,nan,nan
Lilly Pulitzer,"McLean,VA",lillypulitzer.com,(703) 564-4301,example@email.com,nan
"New To You, Inc.","McLean,VA",newtoyou.net,(703) 533-1251,info@newtoyou.net,@shopnewtoyouinc
Cartier,"McLean,VA",stores.cartier.com,(703) 749-4664,nan,@accounts
The Organic Butcher of McLean,"McLean,VA",theorganicbutcher.com,(703) 790-8300,hi@mystore.com,nan
Liljenquist & Beckstead,"McLean,VA",liljenquistbeckstead.com,(703) 448-6731,nan,@liljenquistbeckstead
Chico's,"McLean,VA",chicos.com,(703) 917-6110,customerservice@chicos.com,@lovechicos
Bloomingdale's,"McLean,VA",bloomingdales.com,(703) 556-4600,nan,nan
Mango Tyson,"McLean,VA",,(703) 506-2646,nan,nan
ba&sh,"McLean,VA",ba-sh.com,(646) 961-8971,nan,@bashparis
Omega,"McLean,VA",omegawatches.com,(571) 633-9710,nan,@omega
McLean Wine Outlet,"McLean,VA",thewineoutlets.com,(703) 288-2970,nan,nan
Soma,"McLean,VA",soma.com,(571) 581-3467,customerservice@soma.com,@somaintimates
CELINE MCLEAN TYSONS GALLERIA,"McLean,VA",stores.celine.com,(703) 761-2200,nan,nan
LiL Havana Cigar Club,"McLean,VA",lilhavanacigar.com,(703) 288-0660,office@lilhavanacigar.com,@17841405401495584
DIOR,"McLean,VA",dior.com,(703) 559-7718,contactdior@dior.com,@dior
The Bridal Room,"McLean,VA",thebridalroom.net,(571) 620-7743,thebridalroomappointments@gmail.com,@reel
Max Mara,"McLean,VA",store.maxmara.com,(703) 639-4776,nan,@maxmara
Parfums de France,"McLean,VA",perfumedefrance.com,(703) 734-0000,info@perfumedefrance.com,@parfums_defrance
White House Black Market,"McLean,VA",whitehouseblackmarket.com,(703) 288-1200,customerservice@whitehouseblackmarket.com,@whbm
Burberry,"McLean,VA",stores.burberry.com,(703) 288-1700,nan,nan
Golden Goose,"McLean,VA",goldengoose.com,(646) 276-4315,johndoe@some.com,@goldengoose
Dolce & Gabbana,"McLean,VA",dolcegabbana.com,(703) 940-9075,sustainability@dolcegabbana.com,@dolcegabbana
Louis Vuitton McLean Tysons Corner Bloomingdale's,"McLean,VA",us.louisvuitton.com,(703) 388-0064,nan,nan
Louis Vuitton McLean Tysons Galleria,"McLean,VA",us.louisvuitton.com,(703) 448-1455,nan,nan
Emissary Fine Linens,"McLean,VA",emissarylinens.com,(703) 714-9390,info@emissarylinens.com,nan
Matt's Tailor & Bridal Boutique,"McLean,VA",,(703) 237-1020,nan,nan
Windsor,"McLean,VA",windsorstore.com,(888) 495-4957,vendors@layout.theme.js,@windsorstore
Bliss Flowers & Boutique,"McLean,VA",blissflowersandboutique.com,(571) 378-1095,blissflowersandboutique@gmail.com,@BLISS_FLOWERS_AND_BOUTIQUE
Gucci,"McLean,VA",gucci.com,(703) 506-6804,nan,nan
Emporio Armani Uomo Mclean Saks,"McLean,VA",armani.com,(703) 761-0700,nan,nan
Macy's,"McLean,VA",macys.com,(703) 893-4900,nan,nan
Blesssed,"McLean,VA",blesssed.com,(571) 420-5553,nan,@shopblesssed
Monkee's of Fairfax,"McLean,VA",monkeesoffairfax.com,(276) 352-3233,nan,nan
Ellen Couture,"McLean,VA",,(888) 391-3187,nan,nan
UNIQLO Tysons Corner,"McLean,VA",uniqlo.com,(855) 486-4756,nan,nan
Balducci's Food Lovers Market,"McLean,VA",balduccis.com,(703) 448-3828,nan,nan
COACH,"McLean,VA",coach.com,(703) 883-1772,nan,nan
Comfort One Shoes,"McLean,VA",comfortoneshoes.com,(703) 288-1413,support@gist-apps.com,@comfortoneshoes
Nespresso Boutique Tysons Corner Center,"McLean,VA",nespresso.com,(800) 562-1465,nan,nan
Patrick's Elegant Living,"McLean,VA",shoppatricks.com,(202) 677-9914,arn5120pncg_5_250x250@2x.png,nan
Van Cleef & Arpels (McLean - Tysons Galleria),"McLean,VA",vancleefarpels.com,(571) 533-3562,nan,@vancleefarpels
Cotton On Tysons Corner,"McLean,VA",cottonon.com,(703) 448-1346,recruitment@cottonon.com.au,@cottonon
Salon Michel & Spa,"McLean,VA",salonmichel.com,(703) 442-7323,salonmichelspa@gmail.com,nan
العربية للعود ARABIAN OUD,"McLean,VA",arabianoud-usa.com,(571) 378-5471,nan,nan
Scout & Molly's North Bethesda,"McLean,VA",scoutandmollys.com,(301) 348-5047,chris@digispheremarketing.com,@scoutandmollys
Tysons Corner Center,"McLean,VA",tysonscornercenter.com,(703) 893-9400,nan,@shoptysons
American Eagle & Aerie,"McLean,VA",storelocations.ae.com,(703) 288-1996,nan,nan
Bonobos,"McLean,VA",bonobos.com,(703) 344-1073,guides@bonobos.com,nan
Victoria's Secret & PINK by Victoria's Secret,"McLean,VA",stores.victoriassecret.com,(703) 883-9013,nan,@victoriassecret
David Yurman,"McLean,VA",davidyurman.com,(703) 245-3515,CustomerCare@davidyurman.com,@davidyurman
Mclean Jewelers,"McLean,VA",mcleanjewelers.com,(703) 821-3344,nan,nan
OAK,"McLean,VA",oaktheshop.com,(301) 933-0281,oaktheshop@gmail.com,nan
N’Used,"McLean,VA",nusedfashions.com,(703) 437-8733,Nused_Logo_230x@2x.png,@nused_fashion
Ralph Lauren,"McLean,VA",ralphlauren.com,(703) 356-3017,nan,nan
Alys Grace,"Los Altos,CA",alysgrace.com,(650) 941-2597,support@starapps.studio,@alysgracebayarea
Cambric Limited,"Los Altos,CA",facebook.com,(650) 941-2106,nan,nan
Olivia Boutique,"Los Altos,CA",oliviaboutique.com,(650) 949-3003,605a7baede844d278b89dc95ae0a9123@sentry-next.wixpress.com,@oliviaboutique.com.us
By appointment Indian Designer clothing boutique and alteration services,"Los Altos,CA",,(708) 802-3064,nan,nan
Designer Collections,"Los Altos,CA",,(408) 483-4600,nan,nan
Christy and Mark Boutique,"Los Altos,CA",christy-mark.com,(408) 826-9413,nan,@christyandmark.losaltos
Cassara Brothers Clothiers,"Los Altos,CA",cassarabrothersclothiers.com,(650) 948-4335,605a7baede844d278b89dc95ae0a9123@sentry-next.wixpress.com,@cassarabrothers
Chico's,"Los Altos,CA",chicos.com,(650) 947-9756,customerservice@chicos.com,@lovechicos
Encore Round Robin,"Los Altos,CA",,(650) 948-0955,nan,nan
MARIA’S European LifeStyle,"Los Altos,CA",mariaseuropeanlifestyle.com,(650) 941-9682,nan,@mariaseuropeanlifestyle
3potato,"Los Altos,CA",,(408) 613-5873,nan,nan
Kids Only,"Los Altos,CA",gjiang.wixsite.com,(408) 439-5896,nan,nan
Leaf & Petal,"Los Altos,CA",lpetal.com,(650) 329-8070,hello@lpetal.com,@leafcassis
Therapy Stores,"Los Altos,CA",therapystores.com,(650) 691-1186,nan,nan
Cranberry Scoop,"Los Altos,CA",thecranberryscoop.com,(650) 948-2554,ellen@thecranberryscoop.com,@cranberryscoop
B K Collections,"Los Altos,CA",bkcollectionslosaltos.com,(650) 948-0198,bk@bkcollectionslosaltos.com,@bkcollectionslosaltos
Bluemercury,"Los Altos,CA",stores.bluemercury.com,(650) 322-1454,nan,@bluemercury
Enchanté Boutique Hotel,"Los Altos,CA",enchantehotel.com,(650) 946-2000,Concierge@Enchantehotel.com,@enchante_hotel
Eco-Fash,"Los Altos,CA",,(650) 559-0250,nan,nan
Repeter,"Los Altos,CA",repeterconsignment.com,(650) 949-1323,info@repeterconsignment.com,@repeterlosaltos
Gitane Freedom of Style,"Los Altos,CA",,(650) 949-2499,nan,nan
"American Cancer Society Discovery Shop - Los Altos, CA","Los Altos,CA",cancer.org,(650) 949-0505,nan,@americancancersociety
Valley Boutique Builders,"Los Altos,CA",valleyboutiquebuilders.com,(669) 201-9208,valleyboutiquebuilders@gmail.com,@valleyboutiquebuilders
Smythe & Cross Fine Jewelry,"Los Altos,CA",smytheandcross.com,(650) 383-5426,460ff4620fa44cba8df530afde949785@sentry.wixpress.com,nan
Coupa Cafe - Colonnade,"Los Altos,CA",coupacafe.com,(650) 741-0513,nan,nan
Village Court Shopping Center,"Los Altos,CA",edan.io,(650) 949-0960,nan,nan
Sethi,"Los Altos,CA",shopsethi.com,(650) 948-5141,concierge@shopsethi.com,@shopsethi
Lady M Cake Boutique - Los Altos,"Los Altos,CA",ladym.com,,nan,@ladymcakes
Farzana's Salon & Boutique,"Los Altos,CA",farzanasalon.com,(650) 799-0475,info@indiantypefoundry.com,@farzanasalon
Crimson Mim,"Los Altos,CA",,(650) 947-7463,nan,nan
Romi Boutique,"Los Altos,CA",romiboutique.com,(650) 322-7664,logo-boutique_d84ee597-c33f-4bf5-a793-c64deb758635_x89@2x.png,@romiboutiquepaloalto
Satura Cakes,"Los Altos,CA",saturacakes.com,(650) 948-3300,nan,nan
MiVida Salon,"Los Altos,CA",mividasalon.com,(650) 941-1285,contact@sansoxygen.com,nan
Jenni Kayne Palo Alto,"Los Altos,CA",jennikayne.com,(650) 384-0464,nan,@jennikayne
Crimson Mim,"Los Altos,CA",,(650) 947-7463,nan,nan
Kismet Boutique,"Los Altos,CA",kismetlg.com,(408) 395-4664,nan,@kismetlg
Manresa Bread,"Los Altos,CA",manresabread.com,(650) 946-2293,nan,@manresabread
Siloette,"Los Altos,CA",,(650) 917-1771,nan,nan
Cooks' Junction,"Los Altos,CA",cooksjunction.com,(650) 941-6530,nan,@cooksjunctionca
Lady M Cake Boutique - Los Altos,"Los Altos,CA",ladym.com,,nan,@ladymcakes
Walgreens,"Los Altos,CA",walgreens.com,(650) 949-3378,epc.consumerrelations@walgreens.com,nan
Fillmore & 5th,"Los Altos,CA",fillmore5th.com,(650) 463-0060,nan,@fillmoreand5th
Teaspoon Los Altos,"Los Altos,CA",order.teaspoonlife.com,(650) 209-5071,nan,nan
Sagar Exclusive | Varsha Patel,"Los Altos,CA",sagarexclusive.com,(408) 730-1126,nan,@sagarexclusive
Alys Grace,"Los Altos,CA",alysgrace.com,(650) 322-5524,support@starapps.studio,@alysgracebayarea
MÉLANGE,"Los Altos,CA",melangestyle.com,(650) 507-5010,info@melangestyle.com,@melange.style
Sethi Couture,"Los Altos,CA",sethicouture.com,(415) 863-1475,nan,@sethicouture
Esther's Kitchen & Beer Garden,"Los Altos,CA",estherskitchenbeergarden.com,(650) 941-4463,hi@mystore.com,nan
Cielo,"Los Altos,CA",cieloboutique.com,(650) 329-8833,nan,nan
Kohl's,"Los Altos,CA",kohls.com,(650) 947-7600,nan,@kohls
Paperwhirl,"Los Altos,CA",paperwhirl.com,(650) 949-1012,605a7baede844d278b89dc95ae0a9123@sentry-next.wixpress.com,nan
